,Authors,Quotes,Likes,tags
0,Chris Rock,"“You know the world is going crazy when the best rapper is a white guy, the best golfer is a black guy, the tallest guy in the NBA is Chinese, the Swiss hold the America's Cup, France is accusing the U.S. of arrogance, Germany doesn't want to go to war, and the three most powerful men in America are named ""Bush"", ""Dick"", and ""Colin."" Need I say more?”",9417,"['comedy,', 'everyday-life,', 'funny,', 'humor,', 'observational-comedy']"
1,"Suzanne Collins,","“Well, don't expect us to be too impressed. We just saw Finnick Odair in his underwear.”",9198,"['boggs,', 'finnick,', 'funny,', 'humour,', 'hunger-games,', 'katniss,', 'mockingjay,', 'odair,', 'suzanne-collins,', 'witty']"
2,"Billy Sunday,",“Going to church doesn’t make you a Christian any more than going to a garage makes you an automobile.”,8931,"['automobile,', 'car,', 'funny,', 'humor,', 'religious']"
3,George Carlin,“The planet is fine. The people are fucked.”,8611,"['funny,', 'humanity,', 'humor']"
4,Phyllis Diller,“Never go to bed mad. Stay up and fight.”,8232,"['anger,', 'funny,', 'sleep']"
5,Mark Twain,"“I did not attend his funeral, but I sent a nice letter saying I approved of it.”",7481,"['classic-insult,', 'funeral,', 'funny,', 'humor']"
6,"Ellen DeGeneres,",“Accept who you are. Unless you're a serial killer.”,7114,['funny']
7,"John Green,","“What the hell is that?"" I laughed.",7104,"['funny,', 'humor']"
8,Marilyn Monroe,“It's not true that I had nothing on. I had the radio on.”,6844,"['dirty,', 'funny,', 'logo,', 'sex']"
9,"Lemony Snicket,","“Everyone should be able to do one card trick, tell two jokes, and recite three poems, in case they are ever trapped in an elevator.”",6364,['funny']
10,"John Green,",“They love their hair because they're not smart enough to love something more interesting.”,6257,"['awesomeness,', 'funny']"
11,Cathy Guiswite,"“When life gives you lemons, squirt someone in the eye.”",5163,"['eyes,', 'funny,', 'lemons']"
12,Albert Einstein,"“Once you can accept the universe as matter expanding into nothing that is something, wearing stripes with plaid comes easy.”",5160,['funny']
13,"John Green,","“It's not because I want to make out with her.""",4118,['funny']
14,Jerry Seinfeld,"“If a book about failures doesn't sell, is it a success?”",4032,"['books,', 'funny']"
15,Rodney Dangerfield,"“I came from a real tough neighborhood. Once a guy pulled a knife on me. I knew he wasn't a professional, the knife had butter on it.”",3736,"['crime,', 'funny,', 'humour,', 'neighborhoods']"
16,Golda Meir,“Don't be so humble - you are not that great.”,3496,"['funny,', 'golda,', 'meir,', 'true']"
17,"Leigh Bardugo,","“Jesper knocked his head against the hull and cast his eyes heavenward. “Fine. But if Pekka Rollins kills us all, I’m going to get Wylan’s ghost to teach my ghost how to play the flute just so that I can annoy the hell out of your ghost.”",3375,"['funny,', 'ghost,', 'jesper,', 'six-of-crows']"
18,"Cassandra Clare,","“I thought I'd lie on the floor and writhe in pain for a while,"" he grunted, ""It relaxes me.""",3166,"['funny,', 'humor']"
19,"Suzanne Collins,","“I'm going to wake Peeta,"" I say.",3021,"['funny,', 'humor,', 'prank']"
20,"Yogi Berra,","“Always go to other people's funerals, otherwise they won't come to yours.”",2996,['funny']
21,Shel Silverstein,"“I cannot go to school today""",2970,"['children,', 'funny,', 'poem']"
22,Bill Cosby,"“A word to the wise ain't necessary, it's the stupid ones who need advice.”",2969,['funny']
23,"Richelle Mead,","“Did you see that dress?” ""I saw the dress.” ""Did you like it?” He didn't answer. I took that as a yes. ""Am I going to endanger my reputation if I wear it to the dance?” When he spoke, I could barely hear him. ""You'll endanger the school.” I smiled and fell asleep.”",2837,"['funny,', 'sweet']"
24,Lawrence Ferlinghetti,“If you're too open-minded; your brains will fall out.”,2826,"['beatnik,', 'cynical,', 'funny,', 'humour']"
25,"John Green,","“Headline?"" he asked.",2812,"['funny,', 'humor,', 'humour,', 'internet,', 'john-green,', 'pedophile,', 'pedophilia,', 'tfios,', 'the-fault-in-our-stars']"
26,"Rick Riordan,",“Um...is that thing,2706,"['funny,', 'silly-chinese-canadian-baby-man']"
27,Rick Riordan,"“Can you surf really well, then?""",2647,"['annabeth-chase,', 'athena,', 'funny,', 'humor,', 'myth,', 'mythology,', 'olympians,', 'percy-jackson,', 'posiedon,', 'the-lightning-thief,', 'zeus']"
28,"Stephanie Lennox,","“I’ve been fighting to be who I am all my life. What’s the point of being who I am, if I can’t have the person who was worth all the fighting for?”",2628,"['fighting,', 'funny,', 'humour,', 'husband,', 'inspirational,', 'love,', 'lover,', 'relationships,', 'romance,', 'spiritual,', 'sweet,', 'wife']"
29,Will Rogers,“Never miss a good chance to shut up.”,2533,"['advice,', 'funny,', 'reticence,', 'silence']"
0,"Rachel Caine,","“Damn, Claire. Warn a guy before you do a face-plant on the floor next time. I could have looked all heroic and caught you or something -Shane”",2443,"['funny,', 'morganvillevampires']"
1,"Veronica Roth,","“Can you be a girl for a few seconds?""",2431,"['christina,', 'divergent,', 'funny,', 'humor,', 'tris,', 'veronica-roth']"
2,"Gena Showalter,",“I don't hate you.. I just don't like that you exist”,2362,"['antipathy,', 'dislike,', 'funny,', 'hatred']"
3,"J.K. Rowling,",“But Dumbledore says he doesn't care what they do as long as they don't take him off the Chocolate Frog cards.”,2345,"['celebrity,', 'dumbledore,', 'fame,', 'funny']"
4,"Masashi Kishimoto,",“She's strong! And scary...I bet she's single...I'd put money on it..”,2223,"['funny,', 'manga,', 'naruto,', 'women']"
5,Rodney Dangerfield,"“What a kid I got, I told him about the birds and the bees and he told me about the butcher and my wife.”",2210,"['funny,', 'humour,', 'infidelity,', 'parenthood,', 'parenting,', 'sexuality']"
6,Alfred Hitchcock,“Puns are the highest form of literature.”,2189,"['funny,', 'humor,', 'literature,', 'puns']"
7,"Wendy Mass,","“Do you ever think if people heard our conversations they'd lock us up?""",2130,"['flotsam,', 'funny,', 'humor,', 'jeremy-fink,', 'jetsam,', 'keys,', 'lizzy,', 'wendy-mass,', 'what-i-always-think']"
8,"J.K. Rowling,","“Don’t put your wand there, boy! ... Better wizards than you have lost buttocks, you know!”",2097,"['funny,', 'wizards']"
9,"Nicholas Sparks,",“Do you want a cookie?,2050,"['cookie,', 'funny']"
10,Lauren Myracle,"“I live in my own little world. But its ok, they know me here.”",2046,"['funny,', 'home,', 'life']"
11,"Gena Showalter,","“What makes big boobs and perkiness so attractive to boys? I mean, really. Two round, mounds of fat and a fake smile. Yeah, winning attributes.”",2040,"['funny,', 'life']"
12,"Rachel Caine,","“Perv.""",2038,"['funny,', 'morganvillevampires']"
13,Robert Benchley,"“Opera is when a guy gets stabbed in the back and, instead of bleeding, he sings.”",1986,"['bleeding,', 'funny,', 'humor,', 'opera,', 'stabbed']"
14,"Roald Dahl,",“Don't gobblefunk around with words.”,1970,"['crazy,', 'funny,', 'words']"
15,Isaac Asimov,“Life is pleasant. Death is peaceful. It's the transition that's troublesome.”,1917,"['comment,', 'death,', 'death-and-dying,', 'funny,', 'life,', 'transition']"
16,"William Goldman,","“Inconceivable!""",1853,"['bride,', 'funny,', 'humor,', 'movie,', 'princess']"
17,"Cassandra Clare,","“aren't you, uh... reproducing?",1746,"['city-of-bones,', 'funny']"
18,"Lewis Carroll,",“Why it's simply impassible!,1663,"['alice,', 'alice-in-wonderland,', 'door,', 'funny,', 'humor,', 'wordplay']"
19,"James Dashner,",“You are the shuckiest shuck faced shuck in the world!”,1619,"['funny,', 'humor,', 'random,', 'the-maze-runner']"
20,Benjamin Franklin,“A Penny Saved is a Penny Earned”,1570,"['funny,', 'inspirational,', 'money']"
21,"Gena Showalter,",“Ten Things You Shouldn't Say on a Date.,1556,"['dating,', 'funny']"
22,Rodney Dangerfield,"“Once I pulled a job, I was so stupid. I picked a guy's pocket on an airplane and made a run for it.”",1555,"['crime,', 'funny,', 'humour']"
23,James Patterson,“Can I come in?,1528,"['funny,', 'iggy,', 'max,', 'maximum-ride']"
24,"Jess C. Scott,","“Those sweet lips. My, oh my, I could kiss those lips all night long.",1517,"['desire,', 'funny,', 'honesty,', 'humor,', 'humour,', 'love,', 'lust,', 'passion,', 'relationships,', 'romance,', 'sex,', 'truth,', 'wisdom,', 'young,', 'young-adult,', 'young-adults,', 'youth']"
25,Charles M. Schulz,"“This is my depressed stance. When you're depressed, it makes a lot of difference how you stand. The worst thing you can do is straighten up and hold your head high because then you'll start to feel better. If you're going to get any joy out of being depressed, you've got to stand like this.”",1511,"['cute,', 'funny,', 'sad,', 'stupid']"
26,"Cassandra Clare,","“I've got the Mark of Cain,"" said Simon. ""That means nothing can kill me, right?""",1468,"['cassandra-clare,', 'city-of-lost-souls,', 'funny,', 'humor,', 'lambada,', 'magnus-bane,', 'mark-of-cain,', 'simon-lewis,', 'the-mortal-instruments']"
27,"Lauren Myracle,",“You should eat a waffle! You can't be sad if you eat a waffle!”,1457,"['funny,', 'humor,', 'waffles']"
28,"Richelle Mead,","“You…you got rid of that dress fast,"" I pointed out between heavy breaths. ""I thought you liked it.""",1454,"['dimitri,', 'funny,', 'rose-hathaway,', 'sweet']"
29,Confucius,“The funniest people are the saddest ones”,1323,"['funny,', 'people,', 'sad']"
0,"Jennifer L. Armentrout,","“Remind me,"" he paused, drawing in a stuttered gasp, ""to never piss you off again. Christ, are you secretly a ninja?”",1293,"['daemon,', 'funny,', 'katy,', 'ninja']"
1,"Richelle Mead,","“Hey Mason, wipe the drool off your face. If you're going to think about me naked, do it on your own time."" [...]",1288,['funny']
2,"Richelle Mead,","“A ghostly smile flickered across his face. ""If you weren't so psychotic, you'd be fun to hang around.""",1276,"['christian,', 'funny,', 'rose']"
3,"Laurell K. Hamilton,",“Never trust people who smile constantly. They're either selling something or not very bright.”,1272,"['anita-blake,', 'bad-ass,', 'funny']"
4,"Pseudonymous Bosch,","“Books can also provoke emotions. And emotions sometimes are even more troublesome than ideas. Emotions have led people to do all sorts of things they later regret-like, oh, throwing a book at someone else.”",1258,"['anime,', 'emotions,', 'funny,', 'humor,', 'manga,', 'provoke,', 'troublesome']"
5,"Rick Riordan,","“I have lightning and wind powers,"" Jason reminded him. ""Piper can turn beautiful and charm people into giving her BMWs. You're no more a freak than we are. And, hey, maybe you can fly, too. Like jump off a building and yell 'Flame on!'""",1239,"['fire,', 'funny,', 'humor,', 'powers,', 'the-lost-hero']"
6,Jess C. Scott,“The human body is the best work of art.”,1227,"['art,', 'beauty,', 'body,', 'body-image,', 'dancer,', 'desire,', 'fashion,', 'fitness,', 'food-for-thought,', 'funny,', 'girl,', 'hip-hop,', 'honesty,', 'humor,', 'humour,', 'lust,', 'lust-for-life,', 'passion,', 'young,', 'young-adult,', 'young-adults,', 'youth']"
7,"Hergé,",“Hooray! Hooray! The end of the world has been postponed! ”,1226,"['end-of-the-world,', 'funny,', 'tintin']"
8,Bill Watterson,"“You know, sometimes kids get bad grades in school because the class moves too slow for them. Einstein got D's in school. Well guess what, I get F's!!!”",1196,"['calvin-and-hobbes,', 'comic,', 'education,', 'funny,', 'school']"
9,John Green,"“Harry Potter isn’t real? Oh no! Wait, wait, what do you mean by real? Is this video blog real? Am I real if you can see me and hear me, but only through the internet? Are you real if I can read your comment but I don’t know who you are or what your name is or where you’re from or what you look like or how old you are? I know all of those things about Harry Potter. Maybe Harry Potter’s real and you’re not.”",1186,"['funny,', 'harry-potter,', 'reality']"
10,C. JoyBell C.,"“I can't decide whether I'm a good girl wrapped up in a bad girl, or if I'm a bad girl wrapped up in a good girl. And that's how I know I'm a woman!”",1154,"['funny,', 'good-and-bad,', 'humor,', 'humour,', 'life,', 'life-and-living,', 'woman,', 'woman-s-character,', 'womanhood,', 'women']"
11,"Rick Riordan,",“She said this in the same way you might say Fields of Punishment or Hades's gym shorts.”,1081,"['funny,', 'humor']"
12,"Holly Black,",“Ah coffee. The sweet balm by which we shall accomplish today's tasks.”,1076,"['corny,', 'funny,', 'ironside']"
13,Jess C Scott,"“A fit, healthy body—that is the best fashion statement”",1026,"['beauty,', 'body,', 'body-image,', 'culture,', 'dance,', 'dancer,', 'desire,', 'fashion,', 'fitness,', 'food,', 'food-for-thought,', 'friendship,', 'funny,', 'girl,', 'health,', 'healthy,', 'hip-hop,', 'honesty,', 'humor,', 'humour,', 'imagination,', 'individuality,', 'life,', 'love,', 'lust-for-life,', 'music,', 'novel,', 'passion,', 'reality,', 'relationships,', 'self,', 'sex,', 'truth,', 'wisdom,', 'young,', 'young-adult,', 'young-adult-fiction,', 'young-adult-literature,', 'young-adult-novels,', 'young-adults,', 'youth']"
14,"Charlaine Harris,","“If there were an international butt competition, Eric would win, hands down—or cheeks up.”",1020,"['funny,', 'sookie-eric']"
15,"Cassandra Clare,","“That sounds terrific, thought Cary, just you, your comatose wife your shell-shocked son, and your daughter who hates your guts. Not to mention that your two kids may be in love with each other. Yeah, that sounds like a perfect family reunion.”",1003,"['family,', 'forbidden-love,', 'funny']"
16,Rodney Dangerfield,"“I came from a real tough neighborhood. Why, every time I shut the window I hurt somebody's fingers.”",970,"['funny,', 'humour,', 'neighborhoods']"
17,"Laurie Halse Anderson,",“Homework is not an option. My bed is sending out serious nap rays. I can't help myself. The fluffy pillows and warm comforter are more powerful than I am. I have no choice but to snuggle under the covers.”,938,"['accurate,', 'drowsiness,', 'funny']"
18,"Cassandra Clare,",“Other crack teams get bat boomerangs and wall-climbing powers; we get Aquatruck.”,918,"['bat,', 'funny,', 'team,', 'truck']"
19,R. A. Salvatore,“Sane is boring.”,909,"['boring,', 'crazy,', 'forgotten-realms,', 'funny,', 'humor,', 'jarlaxle,', 'salvatore,', 'sane,', 'servant-of-the-shard']"
20,"Jess C. Scott,","“I felt like an animal, and animals don’t know sin, do they?”",905,"['body,', 'cool,', 'desire,', 'erotic,', 'erotica,', 'funny,', 'girl,', 'honesty,', 'humor,', 'humour,', 'incest,', 'love,', 'lust,', 'passion,', 'relationships,', 'romance,', 'sex,', 'sexuality,', 'sister,', 'taboo,', 'truth,', 'wisdom']"
21,Steven Wright,“If at first you don't succeed then skydiving definitely isn't for you.”,894,"['first,', 'funny,', 'skydiving']"
22,"George Carlin,","“I think the warning labels on alcoholic beverages are too bland. They should be more vivid. Here is one I would suggest: ""Alcohol will turn you into the same asshole your father was.”",828,"['alcohol,', 'funny,', 'humor,', 'laugh,', 'warning-labels']"
23,Orson Scott Card,"“Ethan Wyeth: I hope you're thirsty.""",824,"['advent-rising,', 'funny,', 'humour,', 'stupid']"
24,Lily Tomlin,“When I was growing up I always wanted to be someone. Now I realize I should have been more specific.”,812,"['funny,', 'goals-in-life,', 'humor,', 'inspirational,', 'wish']"
25,"William Goldman,","“I am your Prince and you will marry me,"" Humperdinck said.",803,"['funny,', 'humor,', 'marriage']"
26,"Rick Riordan,","“What about a compromise? I’ll kill them first, and if it turns out they were friendly, I’ll apologize.”",802,"['coach-hedge,', 'funny,', 'humor']"
27,William Shakespeare,"“I am a Jew. Hath not a Jew eyes? Hath not a Jew hands, organs, dimensions, senses, affections, passions; fed with the same food, hurt with the same weapons, subject to the same diseases,",799,"['antisemitism,', 'funny,', 'revenge']"
28,"John Green,","“She's cute, I thought, but you don't need to like a girl who treats you like you're ten: You've already got a mom.”",780,['funny']
29,Bill Watterson,"“When life gives you lemons, chunk it right back.”",780,"['calvin-and-hobbes,', 'funny,', 'humor,', 'lemons,', 'life']"
0,Mae West,“Cultivate your curves - they may be dangerous but they won't be avoided.”,1095,['funny']
1,"Cassandra Clare,","“Take off your shirt.""",839,"['cassandra-clare,', 'city-of-lost-souls,', 'clary-fray,', 'funny,', 'humor,', 'jace-lightwood,', 'jace-wayland,', 'naked-chest,', 'shirt,', 'swooning,', 'the-mortal-instruments']"
2,"Holly Black,",“The three of you have one solution to every problem.,832,"['funny,', 'murder']"
3,George Carlin,“How is it possible to have a civil war?”,798,"['euphemism,', 'funny,', 'humor,', 'terminology,', 'war']"
4,Henny Youngman,"“Do you know what it means to come home at night to a woman who'll give you a little love, a little affection, a little tenderness? It means you're in the wrong house, that's what it means.”",786,"['funny,', 'marriage,', 'men,', 'relationships,', 'women']"
5,"Bertrand Russell,","“Our great democracies still tend to think that a stupid man is more likely to be honest than a clever man, and our politicians take advantage of this prejudice by pretending to be even more stupid than nature made them.”",765,"['communism,', 'democracy,', 'dishonesty,', 'funny,', 'humour,', 'politicians,', 'politics,', 'revolution,', 'socialism']"
6,"Rachel Caine,","“Want to play baseball?’” she asked. Shane’s eyes opened, and he stopped stroking her hair. “What?’” “First base,’” she said. “You’re already there.’” “I’m not running the bases.’” “Well, you could at least steal second.’” “Jeez, Claire. I used to distract myself with sports stats at times like these, but now you’ve gone and ruined it.”",730,"['funny,', 'morganvillevampires,', 'sweet']"
7,"Terry Pratchett,","“The female mind is certainly a devious one, my lord.""",726,"['funny,', 'gender-stereotypes,', 'men-and-women']"
8,"Jennifer L. Armentrout,","“How long have you been standing there?""",718,"['annoyed,', 'daemon,', 'funny,', 'katy']"
9,"John Green,",“We were kissing.,714,['funny']
10,"J.K. Rowling,","“The Death Eaters can't all be pure-blood, there aren't enough pure-blood wizards left,"" said Hermione stubbornly. ""I expect most of them are half-bloods pretending to be pure. It's only Muggle-borns they hate, they'd be quite happy to let you and Ron join up""",713,"['blood-traitors,', 'death-eaters,', 'funny,', 'humor,', 'muggle-born,', 'muggles,', 'wizards']"
11,Woody Allen,"“Sex without love is a meaningless experience, but as far as meaningless experiences go its pretty damn good.”",709,"['funny,', 'love,', 'sex']"
12,Groucho Marx,“Anyone who says he can see through women is missing a lot.”,708,"['funny,', 'innuendo']"
13,"Richelle Mead,","“Adrian, I'm on a date. Why are you here? On my car?”",697,"['adrian-ivashkov,', 'bloodlines,', 'funny,', 'richelle-mead,', 'the-golden-lily']"
14,"Criss Jami,",“Telling an introvert to go to a party is like telling a saint to go to Hell.”,689,"['funny,', 'funny-but-true,', 'hell,', 'humor,', 'introversion,', 'introvert,', 'introverts,', 'parties,', 'party,', 'partying,', 'people,', 'saints,', 'social,', 'socializing']"
15,"Rachel Caine,","“Scoot over, man. I don't like you that much.""",679,"['funny,', 'gay,', 'morganville-vampires']"
16,"Jennifer L. Armentrout,","“Your mail could've waited."" Daemon followed me into the kitchen. ""What is it? Just books?""",679,"['books,', 'funny']"
17,"Kiera Cass,","“Maxon: “To be clear, no one agrees with you.”",674,"['badass,', 'funny,', 'girl-power,', 'hunor']"
18,Groucho Marx,“A child of five could understand this. Send someone to fetch a child of five.”,668,"['funny,', 'simplicity']"
19,Harry Styles,“A real girl isn't perfect and a perfect girl isn't real.”,660,"['cute,', 'fun,', 'funny,', 'romantic']"
20,"Jess C Scott,","“V-Day…if you need this one day in a year to show everyone else you truly care for “your loved one” I think it’s quite stupid. I hate this commercialism. It’s all artificial, and has nothing to do with real love.”",659,"['body,', 'books,', 'cool,', 'culture,', 'desire,', 'emotion,', 'friendship,', 'funny,', 'girl,', 'honesty,', 'humor,', 'humour,', 'imagination,', 'individuality,', 'life,', 'love,', 'music,', 'novel,', 'passion,', 'reality,', 'relationships,', 'romance,', 'self,', 'sex,', 'technology,', 'truth,', 'wisdom,', 'young,', 'youth']"
21,George Bernard Shaw,"“A pessimist is a man who thinks everybody is as nasty as himself, and hates them for it.”",658,"['funny,', 'humor,', 'optimism,', 'pessimism']"
22,"Becky Albertalli,","“What's a dementor?""",652,"['funny,', 'harry-potter-reference']"
23,"Marian Keyes,",“Failed relationships can be described as so much wasted make-up.”,651,"['funny,', 'humour,', 'love,', 'relationships,', 'women']"
24,Bernard Branson,“Rejection is an opportunity for your selection.”,635,"['adult,', 'african-american-romance,', 'angels,', 'baby,', 'bible,', 'bible-study,', 'business,', 'childrens,', 'christian-living,', 'christian-romance,', 'college,', 'creativity,', 'dark-fantasy,', 'dating,', 'economics,', 'education,', 'educational,', 'entrepreneurship,', 'ethics,', 'explicit,', 'faith,', 'family,', 'family-relationships,', 'fantasy-romance,', 'friendship,', 'fun,', 'funny,', 'humorous-romance,', 'jesus,', 'leadership,', 'love-story,', 'management,', 'marriage,', 'meditation,', 'motivational,', 'nonfiction,', 'paranormal-romance,', 'parenting,', 'personal-transformation,', 'relationships,', 'religion,', 'romantic-comedy,', 'romantic-suspense,', 'self-esteem,', 'self-help,', 'sex,', 'sexuality,', 'sexy,', 'spiritual-growth,', 'spirituality,', 'students,', 'success,', 'supernatural,', 'teen,', 'women,', 'young-adult,', 'young-adult-fantasy']"
25,Jerry Lewis,“I've had great success being a total idiot. ”,611,"['funny,', 'humor,', 'idiot,', 'jerry,', 'lewis,', 'success']"
26,"Laurell K. Hamilton,","“Can the sarcasm,' he said. 'Please, I always use fresh sarcasm, never canned.”",598,"['anita-blake,', 'funny']"
27,"Gayle Forman,","“She didn't care that people called her a bitch. 'It's just another word for feminist,' she told me with pride.”",592,"['bitch,', 'funny,', 'if-i-stay']"
28,"Rachel Vincent,",“The moment the door opened I knew an ass-kicking was inevitable. Whether I'd be giving it or receiving it was still a bit of a mystery.”,576,['funny']
29,Gerard Way,"“This shit is easy peasy, pumpkin peasy, pumpkin pie, muthafucka!”",573,"['funny,', 'gerardway,', 'peasy,', 'pie,', 'pumpkins']"
0,Jon Stewart,"“I've been to Canada, and I've always gotten the impression that I could take the country over in about two days.”",705,"['canada,', 'funny']"
1,"Becca Fitzpatrick,","“Whoa, who peed in your Cheerios?”",588,"['anger,', 'cheerios,', 'funny,', 'vee-sky']"
2,William Faulkner,"“I'm bad and I'm going to hell, and I don't care. I'd rather be in hell than anywhere where you are. ”",567,"['funny,', 'harsh,', 'ironic']"
3,Johnny Depp,“You gotta be careful: don't say a word to nobody about nothing anytime ever.”,567,"['careful,', 'funny,', 'silence,', 'talking']"
4,Gilles Deleuze,"“If you're trapped in the dream of the Other, you're fucked.”",563,"['dream,', 'fucked-up,', 'funny,', 'humor,', 'other,', 'philosophy,', 'relationships']"
5,"Maggie Stiefvater,","“Ronan's bedroom door burst open. Hanging on the door frame, Ronan leaned out to peer past Gansey. He was doing that thing where he looked like both the dangerous Ronan he was now and the cheerier Ronan he had been when Gansey first met him.",560,"['dead,', 'funny,', 'gansey,', 'noah,', 'ronan']"
6,"Jess C Scott,","“Last night I was seriously considering whether I was a bisexual or not but I don’t think so though I’m not sure if I’d like to be and argh I don’t think there’s anything wrong with that, if you like a person, you like the person, not their genitals.”",553,"['bisexuality,', 'body,', 'desire,', 'funny,', 'gender,', 'gender-bending,', 'gender-equality,', 'honesty,', 'individuality,', 'lgbt,', 'love,', 'philosophy,', 'relationships,', 'sexuality']"
7,Lewis Carroll,"“Be what you would seem to be - or, if you'd like it put more simply - never imagine yourself not to be otherwise than what it might appear to others that what you were or might have been was not otherwise than what you had been would have appeared to them to be otherwise.”",552,"['funny,', 'wonderland']"
8,"Cassandra Clare,","“And now,"" Eric yelled into his mircophone, ""we're going to sing a new song-one we just wrote. This one's for my girlfriend. We've been going out for three weeks, and, damn, our love is true. We're gonna be together forever, baby. This one's called 'Bang You Like a Drum.”",552,"['city-of-fallen-angels,', 'crazy,', 'eric,', 'funny,', 'humor,', 'love,', 'teen,', 'teenage-love']"
9,"John Green,","“There are times when it is appropriate, even preferable, to get an erection when someone's face is in close proximity to your penis.",549,['funny']
10,Dave Barry,"“Electricity is actually made up of extremely tiny particles called electrons, that you cannot see with the naked eye unless you have been drinking.”",543,"['funny,', 'humour,', 'jokes']"
11,"Thomas Bernhard,","“Instead of committing suicide, people go to work.”",536,"['funny,', 'humor,', 'inspirational']"
12,"Jennifer L. Armentrout,","“Daemon pressed his forehead against mine. ""Oh, I still want to strangle you. But I'm insane. You're crazy. Maybe that's why. We just make crazy together.”",532,"['cute,', 'funny,', 'romantic']"
13,"Jennifer L. Armentrout,","“I have the feeling we just made a deal with the devil, and he's going to come back and want our first-born child or something.""",531,"['daemon,', 'funny,', 'katy']"
14,"Tahereh Mafi,","“So that's it?"" Kenji says. ""You just like him for his personality, huh?""",530,"['funny,', 'ignite-me,', 'juliette-ferrars,', 'kenji-kishimoto']"
15,"Rachel Caine,","“But that quickly faded, and he frowned. ""You're bleeding,"" he said. ""What happened?""",528,"['funny,', 'morganville-vampires']"
16,"Jennifer L. Armentrout,","“Ash is going to kick your ass, Daemon.""",525,"['cocky,', 'daemon,', 'funny']"
17,"J.K. Rowling,","“Welcome to a new year at Hogwarts! Before we begin our banquet, I would like to say a few words. And here they are: Nitwit! Blubber! Oddment! Tweak!”",508,"['albus-dumbledore,', 'dumbledore,', 'funny,', 'the-philosopher-s-stone']"
18,"Derek Landy,","“I'm placing you under arrest for murder, conspiracy to commit murder and, I don't know, possibly littering.”",505,['funny']
19,D.J. MacHale,"“Now it was just the three of us: the leader, the warrior, and the kid about to wet his pants. Guess who I was.”",502,['funny']
20,"Cassandra Clare,","“Jem gave her a wistful look. “Must you go? I was rather hoping that you’d stay and be a ministering angel, but if you must go, you must.”",500,"['friendship,', 'funny,', 'jem-carstairs,', 'will-herondale']"
21,"Douglas Adams,","“Just believe everything I tell you, and it will all be very, very simple.""",491,['funny']
22,"Ilona Andrews,",“She crouched with her hand out. What the hell was she doing…,480,"['curran,', 'funny,', 'kate']"
23,"Richelle Mead,","“Whatever happened to the dragon?""",478,"['adrian-ivashkov,', 'bloodlines,', 'cute,', 'funny,', 'humour,', 'love,', 'richelle-mead,', 'romance,', 'romantic,', 'sydney-sage,', 'sydrian,', 'the-indigo-spell']"
24,"Jennifer L. Armentrout,",“I was feeling the height of bitchiness.”,477,"['funny,', 'katy']"
25,Tom Hiddleston,“Loki'd!”,475,"['evil,', 'funny,', 'god,', 'hiddleston,', 'loki,', 'mischief,', 'mtv,', 'norse,', 'prank,', 'tom']"
26,"Jennifer L. Armentrout,","“Oh, dear God and baby Jesus in the manger, my eyes!” Dee shrieked. “My eyes!”",475,"['funny,', 'humor']"
27,"Rick Riordan,","“Huh,"" Leo said. ""Well, if you ever get off this island and want a job, let me know. You're not a total klutz.""",471,"['calypso,', 'funny,', 'humor,', 'leo-valdez,', 'love']"
28,"Derek Landy,","“Stairs,"" Valkyrie said, disappointed.",470,"['conversation,', 'derek-landy,', 'funny,', 'humor,', 'magic,', 'skulduggery-pleasant,', 'stairs,', 'valkyrie']"
29,"Cassandra Clare,","“I can't believe he didn't have the dignity and presence of mind just to get drunk and pass out in some gutter,"" said Jace. ""I must say, I'm disappointed in the little fellow.”",466,"['funny,', 'humor']"
0,Shannon L. Alder,“I love you. I hate you. I like you. I hate you. I love you. I think you’re stupid. I think you’re a loser. I think you’re wonderful. I want to be with you. I don’t want to be with you. I would never date you. I hate you. I love you…..I think the madness started the moment we met and you shook my hand. Did you have a disease or something?”,590,"['adversity,', 'anger,', 'battles,', 'boyfriends,', 'breakups,', 'choices,', 'confusion,', 'crazy-love,', 'crush,', 'dating,', 'disease,', 'divorce,', 'exboyfriends,', 'exgirlfriends,', 'exspouse,', 'feelings,', 'funny,', 'hatred,', 'humor,', 'in-love,', 'insane,', 'insane-love,', 'insanity,', 'lack-of-communication,', 'life,', 'mad-love,', 'marriage,', 'mixed-signals,', 'obsessive-love,', 'partners,', 'relationships,', 'romance,', 'spouse,', 'struggles,', 'stupid-men,', 'stupid-women,', 'unfinished-business,', 'unrequited-love']"
1,"Jess C Scott,",“My head’ll explode if I continue with this escapism.”,533,"['body,', 'books,', 'cool,', 'culture,', 'desire,', 'emotion,', 'friendship,', 'funny,', 'girl,', 'honesty,', 'humor,', 'humour,', 'imagination,', 'individuality,', 'life,', 'love,', 'music,', 'novel,', 'passion,', 'reality,', 'relationships,', 'romance,', 'self,', 'sex,', 'technology,', 'truth,', 'wisdom,', 'young,', 'youth']"
2,"Cassandra Clare,","“Isabelle snorted, ""All the boys",476,"['alec-lightwood,', 'bisexual,', 'cassandra-clare,', 'city-of-lost-souls,', 'funny,', 'gay,', 'humor,', 'isabelle-lightwood,', 'magnus-bane,', 'mortal-instruments,', 'simon-lewis']"
3,"J.K. Rowling,","“Which way did they go, Peeves?"" Filch was saying. ""Quick, tell me.""",455,"['filch,', 'funny,', 'harry-potter,', 'humor,', 'peeves,', 'please']"
4,"Rick Riordan,","“Tantalus made a wild grab, but the marshmallow committed suicide, diving into the flames.”",447,"['curse,', 'funny']"
5,"Jeaniene Frost,","“Is that a stake, Bones, or are you just happy with my new dress?”",446,"['bones,', 'cat,', 'funny,', 'grave,', 'halfway']"
6,"Rick Riordan,","“Everyone thinks you've been kidnapped,"" he said. ""We've been scouring the ship. When Coach Hedge finds out- oh, gods, you've been here all night?""",444,"['found,', 'funny,', 'humor,', 'kissing,', 'lol,', 'oh-my-god-percy,', 'otp-foreva']"
7,Peyton Manning,“Pressure is something you feel when you don't know what the hell you're doing.”,440,"['football,', 'funny,', 'peyton-manning']"
8,"Scott Westerfeld,","“You're insane!"" she shouted.",434,"['anger,', 'coaster,', 'funny,', 'insane,', 'joy,', 'relief,', 'roller,', 'shay,', 'tally']"
9,"Maggie Stiefvater,","“Sam came around the side of the car and stopped dead when he saw me. “Oh my God, what is THAT?” I used my thumb and middle finger to flick the multicolored pom-pom on top of my head. “In my language, we call it a HAT. It keeps my ears warm.” “Oh my God,” Sam said again, and closed the distance between us. He cupped my face in his hands and studied me. “It’s horribly cute.” He kissed me, looked at the hat, and then he kissed me again. I vowed never to lose the pom-pom hat.”",434,"['cute,', 'funny,', 'love,', 'shiver-maggie-stiefvater-space']"
10,"Richelle Mead,",“She says you're not awake until you're actually out of bed and standing up.”,428,"['funny,', 'morning,', 'paul,', 'yeva']"
11,"Moira Young,",“Ever heard of the rule of three? he shouts as we run.,428,"['blood-red-road,', 'funny,', 'humor,', 'moira-young,', 'rule']"
12,"Cassandra Clare,",“What I actually want to call you is a hell of a lot more unprintable than your name”,421,"['clary-fray,', 'funny,', 'name-calling']"
13,"Claudia Gray,","“Self-knowledge is better than self-control any day,"" Raquel said firmly. ""And I know myself well enough to know how I act around cookies.”",420,"['funny,', 'self-knowledge,', 'temptation']"
14,"amy poehler,","“However, if you do start crying in an argument and someone asks why, you can always say, ""I'm just crying because of how wrong you are.”",410,['funny']
15,Michelle Obama,"“He’s always asking: ‘Is that new? I haven’t seen that before.’ It’s like, Why don’t you mind your own business? Solve world hunger. Get out of my closet.”",407,"['fashion,', 'funny,', 'humor,', 'michelle-obama,', 'obama']"
16,"Rachel Hawkins,",“It just seems like overkill when you already have a dagger and I have superpowerful magic at my disposal.”,407,"['archer,', 'bad-dog,', 'funny,', 'sophie']"
17,Lance Armstrong,“A boo is a lot louder than a cheer.”,394,"['acceptance,', 'funny,', 'life,', 'rejection']"
18,"Jeaniene Frost,","“Aside from the obvious, Francesca, what do you want in return for supplying information?” Bones asked, getting back to the subject. “You to take me,” she replied at once. “Not gonna happen!” I spat, squeezing him possessively. Three sets of widened eyes fixed on me. That’s when I realized that what I had a firm grip on was no longer his hand.”",383,"['funny,', 'love,', 'vampire']"
19,"Laurell K. Hamilton,","“Zebrowski says that if you killed someone else just hide the body, he's not starting over on the paperwork.”",382,"['anita-blake,', 'bad-ass,', 'funny']"
20,"Bret Easton Ellis,",“I have to return some videotapes”,379,"['american,', 'bale,', 'bret,', 'christian,', 'easton,', 'ellis,', 'funny,', 'humor,', 'psycho,', 'return,', 'videotapes']"
21,"Michelle Hodkin,",“I planted a kamikaze kiss on Jamie’s cheek.,372,"['funny,', 'humor,', 'jamie-roth,', 'mara-dyer,', 'the-retribution-of-mara-dyer']"
22,Ellen DeGeneres,"“I'm a godmother, that's a great thing to be, a godmother. She calls me god for short, that's cute, I taught her that.”",367,"['funny,', 'godmothers,', 'humor,', 'lol']"
23,"Sarah J. Maas,","“Would you like me to grovel with gratitude for bringing me here, High Lord?""",365,"['feyre,', 'funny,', 'lucien,', 'tamlin']"
24,"Rick Riordan,","“She held up her calloused, grimy fingers. Leo couldn't help thinking there was nothing hotter than a girl who didn't mind getting her hands dirty. But of course, that was just a general comment. Didn't apply to Calypso. Obviously.”",358,"['calypso,', 'funny,', 'humor,', 'leo-valdez,', 'love']"
25,"Rick Riordan,","“She blinked. ""Hmm? Oh, don't care. What did Anubis look like to you?""",357,"['funny,', 'strange,', 'the-red-pyramid']"
26,"Maria Semple,","“My heart started racing, not the bad kind of heart racing, like I'm going to die. But the good kind of heart racing, like, Hello, can I help you with something? If not, please step aside because I'm about to kick the shit out of life.”",346,"['comic,', 'fiction,', 'funny,', 'humor']"
27,"J.K. Rowling,","“IF WE DIE FOR THEM, I'LL KILL YOU, HARRY!”",342,"['funny,', 'ron-weasley']"
28,"Ellen DeGeneres,",“Do things that make you happy within the confines of the legal system.”,338,"['funny,', 'law']"
29,"J.K. Rowling,","“Oh, there you are, Albus,' he said. 'You've been a very long time. Upset stomach?'",332,"['dumbledore,', 'funny,', 'muggles']"
0,David Cook,"“If you can't do anything about it, laugh like hell.”",615,"['funny,', 'life']"
1,"Gena Showalter,","“To answer your question, you want me because I'm made of awesome.”",610,"['funny,', 'humor']"
2,"Cassandra Clare,",“My shoulder will never be the same. I expect you to nurse me back to health.”,425,"['cassandra-clare,', 'city-of-bones,', 'entertainment,', 'funny,', 'humor,', 'jace-wayland,', 'love,', 'mortal-instruments']"
3,"Ellen DeGeneres,","“My point is, life is about balance. The good and the bad. The highs and the lows. The pina and the colada.”",421,"['balance,', 'funny,', 'humor,', 'life']"
4,"Jeaniene Frost,","“Juan gave Bones the most admiring look he’d bestowed on him yet. “You talked her into going without panties all these years? Madre de Dios, now that’s impressive. I could learn a great deal from you, amigo.”",407,['funny']
5,"Mark A. Cooper,","“I’m no cactus expert, but I know a prick when I see one.”",388,"['funny,', 'humor,', 'prick,', 'rude-quote,', 'schoolboy-quote,', 'witty-comebacks']"
6,"Lisi Harrison,","“Are you a female dog?""",377,"['bitch,', 'clique,', 'comebacks,', 'dog,', 'female,', 'fun,', 'funkalicous,', 'funny,', 'harrison,', 'humor,', 'lisi,', 'massie']"
7,John Green,"“The funny thing about writing is that whether you're doing well or doing it poorly, it looks the exact same. That's actually one of the main ways that writing is different from ballet dancing.”",370,"['dancing,', 'funny,', 'writing']"
8,"Sherrilyn Kenyon,","“Well, someone slap my butt and give me a hero cookie. (Nick)”",362,"['funny,', 'hero,', 'sarcasm']"
9,Cassandra Clare,"“Magnus raised his hands above his head and clapped once. The room flooded with light. ""You see? You think that would be possible without magic?",361,"['funny,', 'magic,', 'magnus-bane']"
10,George Carlin,“How can He be perfect? Everything He ever makes...dies.”,340,"['funny,', 'god,', 'humor']"
11,Franklin D. Roosevelt,"“I'm not the smartest fellow in the world, but I can sure pick smart colleagues.”",333,"['funny,', 'humor,', 'politics,', 'usa']"
12,"Cassandra Clare,",“If you're texting Magnus to say 'I think u r kewl' I'm going to kill you”,332,"['cassandra-clare,', 'city-of-ashes,', 'funny,', 'isabelle']"
13,"Jess C Scott,","“I suppose it’s not a social norm, and not a manly thing to do — to feel, discuss feelings. So that’s what I’m giving the finger to. Social norms and stuff…what good are social norms, really? I think all they do is project a limited and harmful image of people. It thus impedes a broader social acceptance of what someone, or a group of people, might actually be like.”",330,"['bisexual,', 'bisexuality,', 'bisexuals,', 'body,', 'books,', 'boy,', 'cool,', 'culture,', 'desire,', 'emotion,', 'erotic,', 'erotica,', 'friendship,', 'funny,', 'gay,', 'gay-men,', 'gay-rights,', 'glbt,', 'guy,', 'honesty,', 'humor,', 'humour,', 'imagination,', 'individuality,', 'life,', 'love,', 'music,', 'novel,', 'passion,', 'reality,', 'relationships,', 'romance,', 'self,', 'sex,', 'sexuality,', 'society,', 'society-s-increasing-stupidity,', 'technology,', 'truth,', 'wisdom,', 'young,', 'youth']"
14,"Tina Fey,",“Politics and prostitution have to be the only jobs where inexperience is considered a virtue. In what other profession would you brag about not knowing stuff? “I’m not one of those fancy Harvard heart surgeons. I’m just an unlicensed plumber with a dream and I’d like to cut your chest open.” The crowd cheers.”,328,"['funny,', 'politics,', 'professionalism,', 'prostitution,', 'virtues']"
15,"Jennifer L. Armentrout,",“I didn't want to spoil the mood. This was probably the longest Daemon and I had ever spoken without some statement earning him the finger.”,323,"['daemon,', 'funny,', 'katy']"
16,"Hiromu Arakawa,","“Haven't you ever heard of the saying, ""If you want to shoot the general, first shoot the horse!""?' --Lin",319,"['full-metal-alchemist,', 'funny,', 'humor']"
17,"Cassandra Clare,","“You don't want him,"" she said to the pink-haired girl. ""He has syphilis.""",317,"['blackthorn-family,', 'funny,', 'humour,', 'julian-blackthorn,', 'mark-blackthorn']"
18,"Amie Kaufman,",“Interviewer: So. Tell me about your mother.,313,"['funny,', 'lol']"
19,"Becca Fitzpatrick,","“Nice costume,"" he said.",306,"['becca-fitzpatrick,', 'finale,', 'funny,', 'hush-hush,', 'love,', 'nora-grey,', 'patch-and-nora,', 'patch-cipriano,', 'sweet']"
20,"Marissa Meyer,",“I passed out from stress? That’s it?”,305,"['cinder,', 'funny,', 'thorne']"
21,"Isaac Marion,","“My friend ""M"" says the irony of being a zombie is that everything is funny, but you can't smile, because your lips have rotted off.”",301,"['funny,', 'zombies']"
22,"Andy Weir,","“I'm calling it the Watney Triangle because after what I've been through, shit on Mars should be named after me.”",295,"['funny,', 'humor']"
23,"Criss Jami,","“Everyone has a sense of humor. If you don't laugh at jokes, you probably laugh at opinions.”",294,"['be-yourself,', 'being-yourself,', 'clever,', 'comedic,', 'differences,', 'everyone,', 'funny,', 'funny-but-true,', 'humor,', 'ignorance,', 'jokes,', 'laughter,', 'mockery,', 'opinions,', 'personality,', 'personality-types,', 'sense-of-humor,', 'similarities,', 'stupidity,', 'traits,', 'types,', 'witty']"
24,"Charles Bukowski,",“What is your advice to young writers?”,290,"['advice,', 'alcohol,', 'authors,', 'bukowski,', 'cigarettes,', 'drink,', 'funny,', 'humor,', 'ironic,', 'irony,', 'sarcasm,', 'sex,', 'smoke,', 'writers,', 'writing,', 'writing-process']"
25,"Dark Jar Tin Zoo,","“Making love to me is amazing. Wait, I meant: making love, to me, is amazing. The absence of two little commas nearly transformed me into a sex god. ”",289,"['absence,', 'amazement,', 'amazing,', 'commas,', 'editing,', 'funny,', 'god,', 'humor,', 'love,', 'lover,', 'relationships,', 'sex,', 'sex-god,', 'transform,', 'transformation,', 'word-junkies,', 'writer,', 'writing']"
26,"Leigh Bardugo,","“Why don't Fjerdans let girls fight?""",281,"['banter,', 'fight,', 'funny']"
27,"Rachel Hawkins,","“Jackass, jackass on the wall, where's the info on Hex Hall?”",278,"['funny,', 'sophie,', 'torin']"
28,"Laurell K. Hamilton,","“One thing I've learned about vampires--they keep pulling new rabbits out of their cloaks. Big, fanged, carnivorous bunnies that'll eat your eyeballs if you're not paying attention.”",275,"['anita-blake,', 'bad-ass,', 'funny']"
29,"Dora J. Arod,","“I’m a fake fact factory. The things I make are the things I make up. Also, as a side business, I make love. Actually, I just made that up.”",74,"['business,', 'fact,', 'factory,', 'facts,', 'funny,', 'humor,', 'life,', 'love,', 'word-junkies']"
0,Wendell Johnson,“Always and never are two words you should always remember never to use. ”,434,"['advice,', 'funny']"
1,"Jess C Scott,",“Maybe you could be mine / or maybe we’ll be entwined / aimless in this sexless foreplay.”,409,"['body,', 'boy,', 'boyfriend,', 'boys,', 'cool,', 'culture,', 'desire,', 'emotion,', 'friendship,', 'funny,', 'honesty,', 'humor,', 'humour,', 'imagination,', 'individuality,', 'life,', 'love,', 'music,', 'novel,', 'passion,', 'poem,', 'poems,', 'poet,', 'poetry,', 'poetry-life,', 'poets,', 'reality,', 'relationships,', 'romance,', 'self,', 'sex,', 'technology,', 'truth,', 'wisdom,', 'young,', 'youth']"
2,"Kelley Armstrong,","“Simon whispered to me, “But is everything okay?”",362,['funny']
3,"Charlaine Harris,",“Vampires. They wrote the book on possessive.”,328,"['funny,', 'sookie-eric']"
4,"J.K. Rowling,","“Oh, of course,"" said Ron, clapping a hand to his forehead. ""I forgot we'll be hunting down Voldemort in a mobile library.”",313,"['funny,', 'harry-potter,', 'humor,', 'ron-weasley']"
5,"Shannon Hale,","“If we're mad, we're mad in large numbers, at least larger than yours.”",287,['funny']
6,Michael Thomas Ford,"“I didn't realize there was a ranking."" I said. ""Sadie frowned. ""What do you mean?"" ""A ranking,"" I said. ""You know, what's crazier than what."" ""Oh, sure there is,"" Sadie said. She sat back in her chair. ""First you have your generic depressives. They're a dime a dozen and usually pretty boring. Then you've got the bulimics and the anorexics. They're slightly more interesting, although usually they're just girls with nothing better to do. Then you start getting into the good stuff: the arsonists, the schizophrenics, the manic-depressives. You can never quite tell what those will do. And then you've got the junkies. They're completely tragic, because chances are they're just going to go right back on the stuff when they're out of here."" ""So junkies are at the top of the crazy chain,"" I said. Sadie shook her head. ""Uh-uh,"" she said. ""Suicides are."" I looked at her. ""Why?"" ""Anyone can be crazy,"" she answered. ""That's usually just because there's something screwed up in your wiring, you know? But suicide is a whole different thing. I mean, how much do you have to hate yourself to want to just wipe yourself out?”",285,"['anorexia,', 'arsonist,', 'arsonists,', 'bulimia,', 'crazy,', 'depressed,', 'depressives,', 'drug,', 'druggie,', 'drugs,', 'funny,', 'humor,', 'junkie,', 'junkies,', 'manic-depression,', 'schizophrenia,', 'schizophrenics,', 'suicide']"
7,"Jennifer L. Armentrout,","“Honestly, as much as I love my brother, I’m not sure how I feel about him hanging out in your bedroom.” He reached out with a muscular arm and used his fingers to brush a few strands of hair off my cheek, tucking them behind my ear. I shivered, and he smiled. “I feel like I need to mark my territory.” “Shut up.” “Oh, I love it when you get all bossy-pants. It’s sexy.”",281,"['daemon,', 'funny,', 'katy']"
8,"Jess C Scott,","“Please, touch me, I pray.”",279,"['desire,', 'friendship,', 'funny,', 'girl,', 'hip-hop,', 'honesty,', 'humor,', 'humour,', 'imagination,', 'individuality,', 'life,', 'love,', 'lust,', 'lust-for-life,', 'music,', 'novel,', 'passion,', 'reality,', 'relationships,', 'romance,', 'self,', 'sex,', 'truth,', 'wisdom,', 'young,', 'young-adult,', 'young-adult-fiction,', 'young-adult-literature,', 'young-adult-novels,', 'young-adults']"
9,"Dark Jar Tin Zoo,","“If you have the woman you love, what more do you need? Well, besides an alibi for the time of her husband’s murder. ”",276,"['alibi,', 'crazy,', 'desire,', 'funny,', 'humor,', 'husband,', 'insane,', 'justification,', 'justify,', 'love,', 'murder,', 'necessity,', 'need,', 'relationships,', 'time,', 'want,', 'wife,', 'woman,', 'women,', 'word-junkies,', 'yearn']"
10,Cervantes Saavedra,"“The reason for the unreason with which you treat my reason , so weakens my reason that with reason I complain of your beauty.”",271,"['classic,', 'funny,', 'humor']"
11,"William Shakespeare,",“[Thine] face is not worth sunburning.”,269,"['funny,', 'henry-v,', 'shakespeare']"
12,Will Rogers,“Everything is funny as long as it is happening to somebody else.”,269,"['funny,', 'humor,', 'mean']"
13,Demetri Martin,"“I like video games, but they're really violent. I'd like to play a video game where you help the people who were shot in all the other games. It'd be called 'Really Busy Hospital.”",269,"['comedians,', 'demetri-martin,', 'funny,', 'games,', 'helping-others,', 'humor,', 'shot,', 'video-games']"
14,erica jong,“Show me a woman who doesn't feel guilty and I'll show you a man.”,265,"['funny,', 'men,', 'truth,', 'woman']"
15,"Joe Adamson,","“Of course you know, this means war.”",263,"['funny,', 'looney-toons,', 'war']"
16,"Cathy East Dubowski,",“How dare you open a spaceman's helmet on an uncharted planet? My eyeballs could've been sucked from their sockets!”,262,"['danger,', 'eyeballs,', 'funny,', 'space']"
17,"John Green,","“I mean, we're ninjas.""",257,"['awkward,', 'funny,', 'ninjas']"
18,"Jennifer L. Armentrout,","“I'm not leaving, Kitten. You're going to do this.""",253,"['arrogant,', 'bonus-points,', 'daemon,', 'embarrassing,', 'funny,', 'katy']"
19,"Rick Riordan,","“Yours in demigodishness, and all that. Peace out!”",252,"['demigod,', 'funny,', 'leo-valdez']"
20,"Richelle mead,","“What's that?"" he asked, when I stood beside him again.",238,"['dimitri,', 'funny,', 'rose']"
21,"Cassandra Clare,","“That's your truck parked up by the factory isn't it?"" Magnus pointed. ""It's awfully butch for a bookseller.”",238,"['cassandra-clare,', 'city-of-ashes,', 'funny,', 'magnus-bane']"
22,"Cassandra Clare,",“Will suspected Jem was in fact cleverer than he was himself - but he lacked Will's tendency to assume the absolute worst about people and proceed from there.”,237,"['funny,', 'morally-deficant,', 'sarcasm']"
23,"Ally Carter,","“I tell you, I'm half tempted to break into CIA custody just so I can break Joe Solomon out of CIA custody just so I can break Joe Solomon.”",234,"['break,', 'cia,', 'funny']"
24,"Tammara Webber,","“Lucas: I wanted to talk to you after class, but you disappeared.",233,"['funny,', 'texting']"
25,"Becky Albertalli,","“I take a sip of my beer, and it's - I mean, it's just astonishingly disgusting. I don't think I was expecting it to taste like ice cream, but holy fucking hell. People lie and get fake IDs and sneak into bars, and for this? I honestly think I'd rather make out with Bieber. The dog. Or Justin.”",223,['funny']
26,"Dark Jar Tin Zoo,",“I make love with a focus and intensity that most people reserve for sleep.”,149,"['focus,', 'funny,', 'humor,', 'intense,', 'intensity,', 'love,', 'make-love,', 'men,', 'not-romantic,', 'relationships,', 'reserve,', 'romance,', 'romantic,', 'sex,', 'sleep,', 'sleeping,', 'women,', 'word-junkies']"
27,"Dora J. Arod,",“My love is meatloaf flavored. I just wish my meatloaf was also meatloaf flavored.”,62,"['absurd,', 'desire,', 'flavor,', 'food,', 'funny,', 'humor,', 'love,', 'love-quotes,', 'meatloaf,', 'wish,', 'word-junkies']"
28,"Dark Jar Tin Zoo,","“She asked if I loved another woman, so I answered honestly and said, “Dinner was great, but I could go for dessert.”",55,"['dinner,', 'food,', 'funny,', 'honesty,', 'humor,', 'love,', 'relationships,', 'word-junkies']"
29,"Dark Jar Tin Zoo,","“If I could bronze my love, it’d be worthy of a silver medal. ”",37,"['bronze,', 'funny,', 'humor,', 'love,', 'medal,', 'silver-medal,', 'value,', 'word-junkies,', 'worth,', 'worthy']"
0,Steven Moffat,"“Hitler: Thank you, whoever you are. I think you just saved my life.",333,"['doctor-who,', 'dr-who,', 'funny,', 'hitler,', 'tardis']"
1,"Mindy Kaling,","“I simply regard romantic comedies as a subgenre of sci-fi, in which the world created therein has different rules than my regular human world.”",275,"['funny,', 'life,', 'romantic-comedy,', 'science-fiction']"
2,Jon Stewart,"“If the events of September 11, 2001, have proven anything, it's that the terrorists can attack us, but they can't take away what makes us American -- our freedom, our liberty, our civil rights. No, only Attorney General John Ashcroft can do that.”",274,"['ashcroft,', 'civil-rights,', 'funny,', 'patriot-act']"
3,"Maya Banks,",“When would he learn that women never stayed where you put them?”,240,"['funny,', 'humour,', 'romance,', 'romantic-suspense']"
4,"H.L. Mencken,","“We must respect the other fellow's religion, but only in the sense and to the extent that we respect his theory that his wife is beautiful and his children smart.”",237,"['funny,', 'humor,', 'joke,', 'kids,', 'respect,', 'smart,', 'wife']"
5,"Maggie Stiefvater,","“Adam's response was buried in the sound of the first-story door falling open. Noah slouched in. In a wounded tone, he said, ""He threw me out the window!""",235,"['funny,', 'humor,', 'noah-czerny,', 'ronan-lynch']"
6,"Margaret Stohl,","“Aunt Mercy put down her tiles, one at a time. I-T-C-H-I-N.",229,"['funny,', 'scrabble']"
7,"Dark Jar Tin Zoo,","“To find out if she really loved me, I hooked her up to a lie detector. And just as I suspected, my machine was broken. ”",228,"['broken,', 'deceit,', 'deception,', 'denial,', 'deny,', 'funny,', 'honest,', 'honesty,', 'humor,', 'illogical,', 'illusion,', 'lie,', 'lie-detector,', 'lies,', 'life,', 'love,', 'machine,', 'relationships,', 'suspicion,', 'women,', 'word-junkies']"
8,"John Green,","“You will not kill my girlfriend today, International Terrorists of Ambiguous Nationality!”",227,"['augustus-waters,', 'funny,', 'the-fault-in-our-stars']"
9,"William Shakespeare,",“[Thou] mad mustachio purple-hued maltworms!”,224,"['funny,', 'henry-iv,', 'shakespeare']"
10,"Rick Riordan,","“Yeah, well. I don’t try to be awesome. It just comes natural.”",223,"['awesome,', 'funny,', 'gleeson-hedge,', 'the-lost-hero']"
11,"L. Frank Baum,",“How very wet this water is.”,222,"['funny,', 'logic,', 'obvious']"
12,"Karen Marie Moning,","“What are you"" -Mac",221,['funny']
13,"Tina Fey,",“Whitney Houston’s cover of “I Will Always Love You” was constantly on my FM Walkman radio around that time. I think that made me cry because I associated it with absolutely no one.”,221,"['funny,', 'humor,', 'whitney-houston']"
14,"Rick Riordan,","“We’ve all got weaknesses. Me, for instance. I’m tragically funny and good-looking.”",220,"['funny,', 'leo-valdez']"
15,"Jeaniene Frost,","“The clock struck eleven and cat the vampire huntress was on the loose, except my battle armor was a push-up bra, curled hair, and a short dress. Yeah, it was a dirty job, but I was going to do it. Come one, come all, bloodsuckers! Bar’s open!”",218,['funny']
16,"Simone Elkeles,","“La cucaracha, La cucaracha, Ya no puede caminar, porque no tiene, porque le falta, I don't know the rest, la la la la!”",218,"['carlos,', 'carlos-fuentes,', 'funny,', 'perfect-chemistry,', 'rules-of-attraction,', 'simone-elkeles,', 'tuck']"
17,Cassandra Clare,"“What did Isabelle want?"" Jace asked.",218,"['faeries,', 'funny,', 'madonna,', 'sarcasm']"
18,"Ilona Andrews,","“Did those nice church ladies come by again?""",216,"['andrea,', 'ascanio,', 'awesome,', 'church,', 'funny,', 'hilarious,', 'kate-daniels,', 'threesome']"
19,"Rick Riordan,","“Leo,” Hazel gasped, “I can’t—my arms—”",214,"['funny,', 'humor,', 'leo-i-love-you-ok,', 'lol,', 'trust']"
20,"Veronica Roth,","“Tris,"" he says. ""What did they do to you? You're acting like a lunatic.""",211,"['beatrice-prior,', 'four,', 'funny,', 'insurgent,', 'tobias-and-tris,', 'tobias-eaton,', 'tris,', 'veronica-roth']"
21,"Jeaniene Frost,",“Whatever would give you the idea that I'm her damn brother?”,209,"['bones,', 'cat,', 'funny,', 'timmy']"
22,Karl Lagerfeld,"“I’m very much down to earth, just not this earth.”",209,"['chanel,', 'designer,', 'down-to-earth,', 'earth,', 'fashion,', 'funny,', 'humor,', 'karl-lagerfeld,', 'label,', 'labeling,', 'quote,', 'quotes']"
23,"Jennifer L. Armentrout,","“Daemon!"" Dee called from the kitchen. ""I need your help!""",209,"['daemon,', 'dee,', 'disaster,', 'funny,', 'katy']"
24,"Jill Shalvis,","“If I looked like him,” Tara said. “I’d want to have sex with myself. All the time.”",206,"['funny,', 'humour,', 'romance,', 'romantic-comedy']"
25,"Susan Elizabeth Phillips,",“I guess we're oil and water. (Phoebe),203,"['cute,', 'funny']"
26,Stephen Hawking,“The downside of my celebrity is that I cannot go anywhere in the world without being recognized. It is not enough for me to wear dark sunglasses and a wig. The wheelchair gives me away.”,200,"['celebrity,', 'disability,', 'disguise,', 'funny,', 'humor,', 'science']"
27,"Richelle Mead,","“Our lips met hungrily, and his clever artistic hands wrapped around my hips. A sudden buzz from my regular cell phone startled me from the kissing.",200,"['adrian-ivashkov,', 'angeline-dawes,', 'bloodlines-series,', 'funny,', 'love,', 'richelle-mead,', 'sydney-sage,', 'sydrian,', 'the-fiery-heart']"
28,"Dora J. Arod,","“I had a dream about you. You were an escalator, and I was a flight of stairs. You thought I was a Luddite, and I thought I was as ostrich, because I hadn’t figured out how to put the fly in flight. One day you broke down, and then you saw that you and I weren’t so different after all.”",41,"['dreaming,', 'dreams,', 'funny,', 'humor,', 'life,', 'relationships,', 'sleep,', 'sleeping,', 'word-junkies']"
29,"Dark Jar Tin Zoo,","“I had a dream about you. We installed Dr. Robert Jarvik’s artificial heart in a mannequin and brought it to life, only to later kill it because a creature that’s all fake heart and no brain is what’s commonly called a “politician,” and must be destroyed. ”",36,"['dreaming,', 'dreams,', 'funny,', 'humor,', 'life,', 'relationships,', 'sleep,', 'sleeping,', 'word-junkies']"
0,Zsa Zsa Gabor,“I never hated a man enough to give him his diamonds back.”,439,"['funny,', 'humor,', 'men,', 'relationships']"
1,"Samuel Beckett,",“Nothing is funnier than unhappiness.”,313,"['beckett,', 'endgame,', 'funny,', 'unhappiness-nothing']"
2,"Cassandra Clare,","“Don't you think 'Mark is kind of a weird name for a Shadowhunter?"" Julian was saying as Emma approached. ""I mean, if you really think about it. It's confusing. 'Put a Mark on me, Mark.”",313,"['funny,', 'humor,', 'shadowhunters']"
3,"Cassandra Clare,","“So it's true what they say about warlocks, then?""",288,"['alec-lightwood,', 'cassandra-clare,', 'city-of-fallen-angels,', 'clary-fray,', 'funny,', 'humor,', 'jealousy,', 'jordan-kyle,', 'magnus-bane,', 'mermaids,', 'not-funny,', 'simon-lewis,', 'the-mortal-instruments']"
4,Shannon L. Alder,"“The more you talk about it, rehash it, rethink it, cross analyze it, debate it, respond to it, get paranoid about it, compete with it, complain about it, immortalize it, cry over it, kick it, defame it, stalk it, gossip about it, pray over it, put it down or dissect its motives it continues to rot in your brain. It is dead. It is over. It is gone. It is done. It is time to bury it because it is smelling up your life and no one wants to be near your rotted corpse of memories and decaying attitude. Be the funeral director of your life and bury that thing!”",263,"['alienating,', 'bad-memories,', 'blaming-others,', 'broken-records,', 'brutal-truth,', 'bury,', 'burying,', 'dating,', 'degrading-yourself,', 'distancing,', 'drowning-others,', 'family,', 'family-conflict,', 'fights,', 'find-joy,', 'finding-focus,', 'focus-on-positive,', 'forget-it,', 'forgive,', 'friends,', 'funeral-director,', 'funny,', 'give-it-up,', 'happiness,', 'hating-others,', 'humor,', 'hurting-others,', 'issues,', 'joyful-living,', 'let-go,', 'let-it-go,', 'letting-go,', 'life-coach,', 'life-coaching,', 'love-one-another,', 'move-on,', 'moving-on,', 'obnoxious,', 'over-thinking,', 'paranoia,', 'peace,', 'relationships,', 'rotted-corpse,', 'siblings,', 'staying-positive,', 'stayingpositiveu-com']"
5,"Stephen Chbosky,","“On Friday night, I was reading my new book, but my brain got tired, so I decided to watch some television instead.”",246,"['friday,', 'funny,', 'reading,', 'television']"
6,Steve Martin,"“Before you criticize a man, walk a mile in his shoes. That way, when you do criticize him, you'll be a mile away and have his shoes.”",241,"['criticize,', 'empathy,', 'funny,', 'humor']"
7,"Rachel Hawkins,","“Um...Mercer? Haven't seen you in nearly a month. I was expecting something like, 'Oh Cross, love of my heart, fire of my loins, how I've longed--”",224,"['archer,', 'archer-cross,', 'funny,', 'hex-hall,', 'humor,', 'mercer,', 'rachel-hawkins,', 'sophie,', 'spell-bound']"
8,Samuel Johnson,"“My congratulations to you, sir. Your manuscript is both good and original; but the part that is good is not original, and the part that is original is not good. ”",214,"['cynical,', 'funny,', 'humour,', 'review']"
9,"Darynda Jones,",“You know you have ADD when Look A chicken - T-shirt”,212,"['funny,', 'humor']"
10,"Leigh Bardugo,","“You're very welcome,"" she said, giving my hair a hard tug. ""You should be used to being gawked at by now.""",206,['funny']
11,"Ilona Andrews,",“You will not pass!” Roman thundered.,205,"['andrea-nash,', 'funny,', 'gandalf,', 'gunmetal-magic,', 'ilona-andrews,', 'lotr,', 'roman,', 'snarkiness']"
12,"Rainbow Rowell,","“I don't like hello. It makes me sound like I have dementia, like I've never heard a phone ring before and I don't know what's supposed to happen next. Hello?”",201,"['funny,', 'phone-calls,', 'young-adult']"
13,"Ilona Andrews,",“Would you like to borrow a pair of my panties to wave around at the next Council meeting to get the point across?”,198,"['curran,', 'funny,', 'kate,', 'love']"
14,"Peter S. Beagle,","“The magician stood erect, menacing the attackers with demons, metamorphoses, paralyzing ailments, and secret judo holds. Molly picked up a rock.”",194,"['funny,', 'humor,', 'unicorn']"
15,"Jeaniene Frost,",“Why did you tell her I'm your boyfriend? Why doesn't she know about your real one? - Timmy,190,"['bones,', 'cat,', 'funny,', 'timmy']"
16,"Richelle Mead,","“You might not believe this, but there is",189,"['amberwood-prepatory,', 'angeline-dawes,', 'bloodlines-series,', 'dhampirs,', 'funny,', 'humor,', 'lockers,', 'richelle-mead,', 'schol,', 'sydney-sage,', 'the-fiery-heart,', 'trey-juarez']"
17,Galileo Galilei,"“The sun, with all those planets revolving around it and dependent on it, can still ripen a bunch of grapes as if it had nothing else in the universe to do.”",188,['funny']
18,Groucho Marx,“A hospital bed is a parked taxi with the meter running.”,188,['funny']
19,"Suzanne Collins,","“Agreed,"" I say. ""It's going to be a long hour.""",188,"['action,', 'funny,', 'romance']"
20,"Laini Taylor,",“Be a Samurai.,186,"['funny,', 'samurai,', 'zuzana']"
21,Bill Maher,“Can we go back to using Facebook for what it was originally for - looking up exes to see how fat they got?”,185,"['ex,', 'exes,', 'facebook,', 'funny,', 'humor,', 'internet']"
22,"Rachel Vincent,","“Screw this. He’d blown his shot at nice-and-easy, which only left quick-and-brutal—my favorite way to play.”",183,['funny']
23,"Ransom Riggs,","“She moved to pinch me again but I blocked her hand. I'm no expert on girls, but when one tries to pinch you four times, I'm pretty sure that's flirting.”",179,"['children,', 'funny,', 'romance']"
24,"Cynthia Hand,","“I sneaked out to his house a couple times in the middle of the night to watch over him while he slept, just in case, I don't know, his comic book collection decided to spontaneously combust. This was dumb and admittedly creepy in an Edward Cullen kind of way.”",178,"['funny,', 'stalker,', 'twilight']"
25,"Cassandra Clare,","“Wait a second,"" Clary said.",178,"['cassandra-clare,', 'city-of-bones,', 'clary-fray,', 'funny,', 'luke-garroway,', 'the-mortal-instruments']"
26,"Michelle Hodkin,","“Two seconds later, the sound of an alarm filled my ears.",177,"['funny,', 'love,', 'noah-shaw,', 'pain,', 'quotes,', 'romance']"
27,Rachel Caine,“Shane looked…pale. Pale and shaken and—how predictable was this?—pissed.”,172,"['funny,', 'morganville-vampires,', 'shane-collins']"
28,"Rachel Caine,","“She came awake, stomach rumbling, and opened her eyes to see a plate being held right under her nose.",169,"['claire-danvers,', 'funny,', 'humor,', 'morganville-vampires,', 'shane-collins,', 'tacos']"
29,"Criss Jami,",“There's nothing more contagious than the laughter of young children; it doesn't even have to matter what they're laughing about.”,168,"['child,', 'children,', 'contagious,', 'contagiousness,', 'funny,', 'humor,', 'innocence,', 'innocent,', 'kid,', 'kids,', 'kids-funny,', 'laugh,', 'laughing,', 'laughter,', 'mischief,', 'mischievous,', 'rascal,', 'suspicion,', 'suspicious,', 'young,', 'youth']"
